CSV,,,,,,Always have something in A1,,
,,,,,,,,
Control,,SheetName,Sheet1,,,,,
,,FilePath,TestingSIPLibrary.csv,,,,,
,,SlurpAttrs,C14:C16,,,,,
,,SipAttrs,C19:C22,,,,,
,,SipTlc,D25,,,,,
,,ClearFirst,TRUE,,,,,
,,numSamples,1000,,,,,
,,,,,,,,
,,,,,,,,
,,,,,,,,
,,,,,,,,
SLURP,,name,TestLibrary,,,,,
,,count,6,,,,,
,,origin,PM.org,,,,,
,,,,,,,,
,,,,,,,,
SIP,,name,Test1,Test2,Test3,Test4,Test5,Test6
,,count,1000,1000,1000,1000,1000,1000
,,Average,0.512851358,0.509490236,0.493982781,0.496365741,0.499124737,0.508131776
,,Stdev,0.285248624,0.280970246,0.293405835,0.294632829,0.296226347,0.287861857
,,,,,,,,
,,,,,,,,
SIPs,,,0.991978071,0.558975693,0.712851699,0.582210877,0.656841209,0.248100952
,,,0.442633913,0.579684712,0.208491421,0.361582247,0.317217307,0.764890287
,,,0.261722511,0.701770217,0.976515563,0.942099491,0.073999229,0.672374428
,,,0.438161256,0.390368515,0.612095687,0.537653448,0.576235352,0.744313693
,,,0.93660221,0.308046381,0.254091496,0.798907948,0.576539639,0.844546031
,,,0.039764737,0.796189832,0.192866866,0.525485883,0.622236102,0.11508941
,,,0.384322887,0.318210714,0.838928406,0.627798143,0.885652459,0.606933528
,,,0.337664348,0.690201075,0.919473361,0.674758167,0.700316355,0.987283805
,,,0.937324772,0.39508243,0.904010416,0.859924987,0.475173214,0.504532761
,,,0.027943739,0.473655413,0.44506925,0.240221698,0.464708364,0.039956046
,,,0.623526975,0.979829369,0.944181398,0.144941038,0.679035547,0.232862301
,,,0.546090695,0.899352079,0.73299796,0.708701668,0.758251294,0.49446548
,,,0.934276793,0.951043013,0.655893721,0.260332805,0.166608824,0.147434173
,,,0.151278408,0.122553471,0.827366079,0.588720723,0.429787526,0.189238198
,,,0.650010998,0.575854838,0.791899109,0.678554317,0.323438717,0.363006596
,,,0.906804571,0.027403146,0.528644878,0.932575928,0.589993495,0.939336432
,,,0.964143643,0.125207301,0.751806698,0.724160005,0.765242372,0.67797264
,,,0.395556502,0.897329033,0.825134027,0.296365686,0.036128351,0.903862728
,,,0.997494519,0.010122805,0.039796946,0.385022894,0.191347489,0.810074456
,,,0.228497681,0.766904283,0.288236609,0.05361183,0.513897511,0.387252947
,,,0.246054048,0.492139726,0.85934731,0.892894756,0.783813019,0.038064642
,,,0.809462497,0.827107476,0.951686604,0.774653415,0.370337673,0.248997138
,,,0.047521636,0.178010896,0.289394319,0.544331191,0.791056831,0.012153549
,,,0.707617787,0.559697376,0.146855704,0.871764222,0.466013031,0.347839339
,,,0.639142695,0.323441435,0.598616683,0.4266894,0.244797845,0.657696673
,,,0.974704437,0.1184423,0.581486098,0.823630454,0.579054544,0.55368904
,,,0.043445893,0.964221652,0.520001897,0.383402204,0.429865014,0.082726834
,,,0.550512692,0.06684593,0.28741154,0.108399391,0.430635678,0.727459297
,,,0.002699531,0.760415472,0.006217368,0.644347559,0.441904261,0.519800293
,,,0.183808392,0.431302685,0.719419432,0.331839818,0.459363499,0.326482993
,,,0.969106774,0.345475857,0.722734579,0.773797526,0.543856502,0.30688896
,,,0.631634168,0.604926763,0.114081086,0.923453672,0.605295477,0.145689794
,,,0.878599634,0.962891993,0.034902083,0.187229545,0.694774652,0.884028414
,,,0.746706806,0.286765764,0.622994142,0.084265856,0.174064338,0.0778078
,,,0.290833968,0.452790634,0.02574761,0.828527528,0.543529286,0.419074831
,,,0.116816728,0.928093865,0.790006993,0.97788656,0.568575511,0.074457935
,,,0.26474426,0.210878173,0.664224119,0.511760976,0.931462043,0.045317433
,,,0.043532247,0.191504942,0.121859714,0.291174347,0.448976532,0.71919596
,,,0.779772624,0.984575726,0.807043485,0.620996056,0.941105767,0.686239081
,,,0.21293456,0.98817413,0.271214579,0.612258534,0.574243624,0.933576613
,,,0.706138758,0.916396959,0.848372479,0.770257707,0.395120689,0.754568552
,,,0.343353276,0.802312016,0.217654947,0.427127303,0.792078335,0.601165632
,,,0.418454017,0.554689001,0.874653796,0.284900907,0.235457678,0.890566287
,,,0.917080233,0.130037379,0.888858337,0.575160601,0.920158662,0.183608654
,,,0.50902248,0.826540192,0.546877938,0.452376738,0.087681535,0.501144189
,,,0.815454563,0.847149177,0.77705569,0.941374614,0.212277442,0.524481476
,,,0.371236685,0.311931354,0.938869991,0.004417091,0.173722616,0.560081203
,,,0.418415007,0.225517774,0.560742151,0.57455803,0.587540232,0.526711515
,,,0.390739383,0.890354608,0.354102373,0.609396909,0.454013373,0.999272265
,,,0.139788695,0.462778305,0.724708338,0.383425826,0.736208108,0.119649349
,,,0.661902416,0.310321505,0.426265254,0.824820351,0.812512537,0.078287682
,,,0.730159061,0.980674865,0.232312363,0.386862983,0.845547828,0.089237634
,,,0.726481643,0.625566605,0.468207547,0.080217362,0.496165008,0.456538557
,,,0.790103666,0.770762645,0.419357754,0.558817626,0.67641516,0.853739388
,,,0.304549551,0.635292895,0.299921226,0.468441949,0.023520441,0.47413522
,,,0.766314559,0.992507558,0.930931625,0.200201603,0.975340041,0.46302223
,,,0.691193286,0.026941055,0.550176977,0.412679448,0.219871554,0.595944914
,,,0.689985822,0.598599884,0.800023652,0.44526765,0.628829482,0.390767016
,,,0.272482248,0.295395699,0.89444202,0.821874875,0.067400716,0.51293421
,,,0.121614831,0.951359752,0.238976383,0.13502563,0.048219138,0.397291199
,,,0.174553246,0.151425799,0.994346294,0.079607683,0.639405184,0.19573242
,,,0.460369493,0.135894447,0.172225072,0.947971556,0.088293118,0.502374915
,,,0.863792801,0.44060124,0.231369335,0.151825941,0.270438721,0.415074244
,,,0.435221097,0.745801097,0.615924817,0.430886637,0.3144876,0.191681425
,,,0.046388126,0.964979841,0.615424568,0.945386694,0.78511239,0.646815259
,,,0.295644307,0.65473222,0.38750833,0.067998542,0.969999934,0.873268756
,,,0.696101386,0.731631631,0.228197296,0.168431009,0.630416558,0.841710808
,,,0.314190231,0.064916489,0.957718647,0.798920249,0.651335733,0.622128996
,,,0.795896846,0.235719126,0.936545265,0.651401279,0.881564529,0.667000271
,,,0.426850721,0.19673754,0.452700694,0.947215412,0.683558363,0.438401313
,,,0.478063567,0.32148144,0.83241868,0.896396317,0.4598682,0.405250653
,,,0.971145742,0.061558045,0.115619285,0.698257388,0.109014787,0.058604231
,,,0.002565918,0.500349518,0.711354245,0.656672505,0.694925109,0.325763551
,,,0.896386294,0.399708053,0.889567622,0.839213144,0.030597657,0.984666034
,,,0.193761595,0.256466162,0.410925477,0.622326193,0.767886901,0.386994676
,,,0.776702387,0.585377269,0.266993983,0.748945083,0.061778189,0.052873393
,,,0.975115334,0.517885961,0.449805414,0.960730488,0.655373567,0.626728988
,,,0.951360577,0.685690487,0.268342988,0.766492239,0.919259918,0.20745323
,,,0.01026707,0.941886596,0.622390224,0.624628491,0.20149958,0.440599362
,,,0.75708531,0.993452631,0.396548484,0.415934607,0.856172847,0.688671155
,,,0.540883071,0.014844818,0.960485465,0.27589231,0.048521903,0.998935618
,,,0.758325066,0.716828061,0.900008238,0.013881368,0.412059903,0.666694597
,,,0.61531641,0.696339447,0.502888702,0.759864188,0.378216049,0.315815501
,,,0.1278612,0.782856572,0.624081647,0.005128126,0.850773566,0.666113478
,,,0.323896632,0.035827855,0.918859278,0.315664842,0.011650757,0.263299925
,,,0.660787937,0.353954497,0.669306541,0.575726083,0.006475913,0.035541007
,,,0.784593675,0.477093694,0.375008584,0.39007685,0.945572676,0.81653438
,,,0.613410119,0.852116104,0.013803064,0.742488793,0.6237316,0.264986006
,,,0.126385643,0.723382127,0.164940111,0.710213253,0.475747403,0.625679892
,,,0.131272511,0.94755373,0.981124444,0.42880855,0.009688422,0.182331901
,,,0.719860467,0.238424608,0.627821211,0.605254593,0.209300284,0.059118713
,,,0.912008814,0.868478784,0.787229149,0.924249309,0.835065861,0.970575848
,,,0.923834502,0.892919982,0.646495709,0.730050067,0.194131556,0.421778213
,,,0.85343479,0.802737587,0.444125618,0.697410054,0.906920939,0.76346155
,,,0.423806103,0.460281659,0.523276304,0.134266179,0.851966917,0.748240753
,,,0.536408115,0.772323074,0.945276702,0.060373771,0.472720583,0.458405186
,,,0.553613644,0.525487798,0.978626615,0.073372973,0.63263662,0.044553413
,,,0.153160415,0.483729115,0.989822231,0.621437787,0.896088776,0.499759344
,,,0.745255105,0.386535113,0.672140719,0.53803293,0.293233492,0.740895752
,,,0.496232253,0.244301255,0.909189299,0.310544048,0.758735521,0.010919467
,,,0.684259783,0.1161621,0.140716842,0.684754623,0.330054846,0.744078876
,,,0.873864508,0.459383843,0.384622948,0.811431717,0.190339654,0.869030534
,,,0.254976126,0.983086958,0.240935634,0.498442341,0.719028202,0.412245423
,,,0.122816555,0.474259219,0.672239881,0.759930599,0.051094855,0.683526245
,,,0.881860397,0.397751573,0.420789993,0.692749482,0.841993733,0.371522303
,,,0.388608646,0.293982477,0.093051344,0.290594241,0.37262231,0.648878128
,,,0.160803509,0.69843964,0.372639045,0.248940336,0.189697574,0.007391516
,,,0.69069633,0.388153489,0.063040546,0.177888627,0.113730017,0.168682344
,,,0.016753631,0.226562491,0.641146731,0.547091392,0.604257846,0.029170776
,,,0.5875443,0.415553639,0.20751221,0.02847884,0.041869442,0.45371535
,,,0.65998254,0.169197494,0.616637553,0.783176573,0.341539611,0.397226763
,,,0.402849829,0.842728529,0.182141922,0.307701694,0.542239652,0.645434772
,,,0.250384057,0.728053425,0.228170625,0.958408513,0.795580874,0.278050512
,,,0.606016646,0.302623964,0.637919204,0.04141023,0.458920397,0.638811699
,,,0.548351362,0.011265785,0.523695675,0.389134174,0.312628434,0.968902243
,,,0.020679747,0.689928961,0.655762253,0.350397607,0.380751114,0.509423386
,,,0.246869734,0.254771272,0.990324532,0.176586951,0.591670924,0.633844733
,,,0.706864725,0.692352894,0.506268018,0.649456868,0.64680189,0.453469943
,,,0.896231405,0.45429329,0.509825632,0.96799272,0.068254539,0.274518812
,,,0.482456925,0.097181467,0.598868273,0.791212084,0.407305391,0.071735891
,,,0.292234223,0.405191481,0.119303295,0.043834075,0.923433,0.416493654
,,,0.288543606,0.18313361,0.353019881,0.827747177,0.797172815,0.909236395
,,,0.773128989,0.661373429,0.088818772,0.203676938,0.849506461,0.207807366
,,,0.103814621,0.687292627,0.209845934,0.941285638,0.293392639,0.918147209
,,,0.117238329,0.272312502,0.284639483,0.313149489,0.81041249,0.74537046
,,,0.636360534,0.371695344,0.529266923,0.140579336,0.288076976,0.725360855
,,,0.721041597,0.60501648,0.081536558,0.801789739,0.265349376,0.386092306
,,,0.434930806,0.020074525,0.329548082,0.912926298,0.341535192,0.661602446
,,,0.57679575,0.985422306,0.607821243,0.016846163,0.067338452,0.741609069
,,,0.294400202,0.328949892,0.100062885,0.377532075,0.399165691,0.865750147
,,,0.562053629,0.122102657,0.047074654,0.117992575,0.920863046,0.738948311
,,,0.049414153,0.734449607,0.885180716,0.753474929,0.251662061,0.836107495
,,,0.277678352,0.017196215,0.851873467,0.238608183,0.78501864,0.217812291
,,,0.445366031,0.313868982,0.814737667,0.84874227,0.485735112,0.191812385
,,,0.672098043,0.479799399,0.841901211,0.930086627,0.757051418,0.304446087
,,,0.562191006,0.905766334,0.898486372,0.032012602,0.530771156,0.391557574
,,,0.746152925,0.433747456,0.766875202,0.592599362,0.540332714,0.558718589
,,,0.197508332,0.64187327,0.445943875,0.53622114,0.50778711,0.860972801
,,,0.254243547,0.034241202,0.429474061,0.460447739,0.039439583,0.759924591
,,,0.437127092,0.936020031,0.749039701,0.349230048,0.964751431,0.986740344
,,,0.125619528,0.741992549,0.024019575,0.993363239,0.862450872,0.133728002
,,,0.318020298,0.629564634,0.756054082,0.112244463,0.913088354,0.075335819
,,,0.492997662,0.885329906,0.435058774,0.905971158,0.925401347,0.078140706
,,,0.852786072,0.680414667,0.860188162,0.29587876,0.918472939,0.31343366
,,,0.719591404,0.529517084,0.500664929,0.743709891,0.49232155,0.251887116
,,,0.846828264,0.474060421,0.19915034,0.198432169,0.408368326,0.242707289
,,,0.184389074,0.273934437,0.295125528,0.031821751,0.370748828,0.283684109
,,,0.610818749,0.698647414,0.663487214,0.071543111,0.819867788,0.190715278
,,,0.572420871,0.519915568,0.170786254,0.87474809,0.745513531,0.20448353
,,,0.190528266,0.694585363,0.222138377,0.111848699,0.422639416,0.038787294
,,,0.09847253,0.649406427,0.982160974,0.360214742,0.808990054,0.226154485
,,,0.975825504,0.84806104,0.244361547,0.790685827,0.800802993,0.851477212
,,,0.718443823,0.106685684,0.495662629,0.979146169,0.361436035,0.722651406
,,,0.939628031,0.785668027,0.385511375,0.834076886,0.498997241,0.393303229
,,,0.662816445,0.38653558,0.374354127,0.057347294,0.897369087,0.718239359
,,,0.374284881,0.012991377,0.148673027,0.94787869,0.357014589,0.837262367
,,,0.204139742,0.837446537,0.909307501,0.551086694,0.211359047,0.39489526
,,,0.499807629,0.993489504,0.135144683,0.419339226,0.50391646,0.952187714
,,,0.128969708,0.911268534,0.102120249,0.239195292,0.501660728,0.060075835
,,,0.832435062,0.879703604,0.864373436,0.547583114,0.613523973,0.114030162
,,,0.614754923,0.308137158,0.435010754,0.470523938,0.619091062,0.20712701
,,,0.917489801,0.193720893,0.348669651,0.782254043,0.988864469,0.004414812
,,,0.704260323,0.152612349,0.959037784,0.318746895,0.393549034,0.01171164
,,,0.461543285,0.777911948,0.830870453,0.271549357,0.443121021,0.86044236
,,,0.961453728,0.656565455,0.681817337,0.971270918,0.537664787,0.541031768
,,,0.92609702,0.173121204,0.205373751,0.794500099,0.93794564,0.752880847
,,,0.724052583,0.406682639,0.322419447,0.962021705,0.593245004,0.268894612
,,,0.965434909,0.48162334,0.076795115,0.256453437,0.213119563,0.863284845
,,,0.275132777,0.286653205,0.973616633,0.385525182,0.05967364,0.473793077
,,,0.631031825,0.370992669,0.221876603,0.296754519,0.581582199,0.849838149
,,,0.628338874,0.71952088,0.865251383,0.314439404,0.351422992,0.680791526
,,,0.476602945,0.069815088,0.341921194,0.623546093,0.905416081,0.135305551
,,,0.529589715,0.943224484,0.819189547,0.317969124,0.839690731,0.682117882
,,,0.164893775,0.591257499,0.255806217,0.255267169,0.00198045,0.433997588
,,,0.832021251,0.680830535,0.772728903,0.583527637,0.30423297,0.509576745
,,,0.564527413,0.539327473,0.542072225,0.180704603,0.853490103,0.337235648
,,,0.319416866,0.449541841,0.933238186,0.573268659,0.464165825,0.547295667
,,,0.926664422,0.093493747,0.029436108,0.277902947,0.568308673,0.274788684
,,,0.669021727,0.705300181,0.223426911,0.020234585,0.091173314,0.452616395
,,,0.187622899,0.49760598,0.940661539,0.580431668,0.759940676,0.284227165
,,,0.75009406,0.388422141,0.023325937,0.969087118,0.509138032,0.897322287
,,,0.253136976,0.682997253,0.965087033,0.021828344,0.730448153,0.529840563
,,,0.605604699,0.219055758,0.44820952,0.749892309,0.001150244,0.598456438
,,,0.619918962,0.533082969,0.289530097,0.720735519,0.782360245,0.755977634
,,,0.744578871,0.876890655,0.14556668,0.449655943,0.148454885,0.206116563
,,,0.487578567,0.330283688,0.707030611,0.713263648,0.742386137,0.463074507
,,,0.607698566,0.147780093,0.405732102,0.330843899,0.947919827,0.79489161
,,,0.142183252,0.492841759,0.551235483,0.883939429,0.073305811,0.78428293
,,,0.012580084,0.491477458,0.218137786,0.718477382,0.233192479,0.884803
,,,0.309821186,0.363147314,0.962985172,0.334667795,0.635662982,0.816167341
,,,0.418799396,0.342145533,0.638090378,0.588845726,0.47418147,0.823578669
,,,0.079540054,0.323944765,0.105887851,0.728731194,0.238619959,0.886756467
,,,0.63638609,0.947785178,0.105664532,0.142710949,0.031994209,0.258785178
,,,0.663856683,0.638798332,0.659752844,0.739071295,0.281452898,0.17973044
,,,0.071214566,0.77442929,0.708004198,0.086451893,0.340786116,0.44458027
,,,0.540041334,0.38998138,0.636057759,0.252034681,0.825979579,0.619425574
,,,0.836724746,0.029054336,0.221451909,0.37543083,0.191760343,0.781043235
,,,0.974490096,0.276726033,0.45968896,0.542239999,0.425264774,0.567765918
,,,0.675679512,0.931879898,0.433955497,0.763735122,0.942735396,0.056883166
,,,0.051945752,0.670769053,0.54641947,0.161479372,0.74552124,0.894317461
,,,0.651662175,0.712309165,0.487763213,0.389182726,0.972797519,0.397813456
,,,0.295574968,0.21902819,0.568190579,0.350109856,0.524934352,0.563600616
,,,0.821275613,0.010072047,0.276284649,0.714695334,0.864297927,0.041176556
,,,0.607538911,0.93661097,0.603098722,0.841587998,0.108424673,0.460418199
,,,0.770012388,0.267667243,0.405784747,0.635025102,0.846142174,0.436149623
,,,0.551018938,0.683794523,0.123843284,0.283231346,0.038186093,0.507275887
,,,0.604975955,0.449849336,0.67183699,0.843836073,0.185826825,0.535433133
,,,0.024652802,0.74203093,0.742869591,0.799122595,0.402048774,0.763870927
,,,0.06263385,0.761278544,0.326887917,0.071604414,0.890924005,0.325554019
,,,0.701818518,0.570142887,0.854464584,0.426254944,0.932611968,0.23694393
,,,0.580387313,0.247413571,0.611718804,0.292067482,0.395735399,0.133468547
,,,0.806510596,0.684909307,0.957884595,0.751502918,0.907251769,0.808133689
,,,0.700212444,0.401474194,0.117598666,0.016443317,0.785544338,0.57112838
,,,0.917048822,0.474343657,0.410467678,0.607511959,0.273541203,0.375594016
,,,0.678205097,0.072653503,0.276242913,0.548821991,0.505607779,0.104088905
,,,0.671484638,0.809154478,0.918563503,0.236983069,0.69111132,0.961835251
,,,0.996111068,0.679451509,0.719951487,0.863497155,0.604887988,0.775246649
,,,0.40626662,0.622013254,0.566487478,0.116749104,0.122054926,0.692991921
,,,0.474303791,0.633587706,0.985875851,0.052002064,0.869509668,0.661660488
,,,0.52356852,0.571856911,0.960493661,0.615446268,0.625987139,0.108344988
,,,0.585604598,0.684418111,0.94631333,0.536423527,0.442768122,0.385119033
,,,0.085850743,0.250474841,0.892094476,0.168984228,0.924396522,0.095847551
,,,0.816803049,0.194886724,0.072502093,0.297853803,0.845970261,0.298927973
,,,0.966941245,0.964064924,0.775409639,0.170206077,0.921936156,0.617564208
,,,0.538635168,0.701290105,0.561867905,0.241475558,0.419699949,0.237677372
,,,0.42761309,0.181233362,0.856902525,0.504662912,0.002932678,0.329836517
,,,0.906287987,0.462043913,0.386108662,0.525380493,0.837874348,0.767540662
,,,0.627389332,0.601154431,0.617158198,0.161757312,0.997521097,0.685640703
,,,0.090784093,0.635857352,0.409327805,0.336113464,0.770802348,0.31477335
,,,0.850133431,0.47070955,0.43828396,0.888832327,0.281563449,0.936164786
,,,0.332205123,0.253304822,0.459503405,0.565983477,0.667907056,0.431640113
,,,0.354923382,0.660000023,0.2772407,0.810112779,0.813239259,0.063857276
,,,0.95177261,0.67029228,0.139095693,0.149551576,0.054160047,0.333885946
,,,0.698333405,0.773131999,0.144949422,0.170788368,0.374568695,0.342775862
,,,0.272607671,0.258591866,0.446576424,0.609466497,0.43316426,0.783129363
,,,0.557260953,0.707468009,0.110416283,0.725025844,0.069303915,0.823946101
,,,0.9477554,0.224718531,0.545081179,0.870727952,0.546168342,0.963919293
,,,0.867291882,0.473309339,0.822540265,0.06587004,0.012279726,0.136938427
,,,0.677287078,0.149733733,0.09042167,0.332225044,0.326720414,0.110448009
,,,0.517048109,0.171323852,0.333832251,0.27870586,0.666111538,0.95864924
,,,0.968485003,0.603217179,0.839732947,0.634502374,0.37365682,0.43949069
,,,0.50414696,0.958578791,0.128067373,0.667770145,0.228303323,0.103537359
,,,0.988909087,0.990616681,0.586197098,0.628253591,0.362453801,0.505483429
,,,0.104964938,0.502637203,0.915137175,0.081441203,0.896064404,0.144139749
,,,0.170742139,0.321064418,0.773372249,0.888752764,0.22634685,0.422274707
,,,0.884192543,0.246826276,0.099989086,0.141040681,0.301383858,0.962381842
,,,0.201503197,0.824558674,0.995198098,0.166549569,0.688629102,0.254858957
,,,0.441672454,0.947445858,0.933710547,0.698973101,0.340938296,0.720129011
,,,0.414946494,0.591140823,0.791987268,0.344851659,0.982344589,0.905436701
,,,0.205938317,0.512871483,0.731274914,0.373187109,0.52312254,0.640408231
,,,0.582254206,0.731818501,0.11614861,0.596660484,0.431316466,0.871021342
,,,0.472892029,0.971470398,0.536985188,0.994170694,0.95572263,0.692795908
,,,0.235888901,0.044310775,0.207435744,0.138261103,0.894283236,0.901168319
,,,0.233296644,0.453014854,0.902102051,0.546943714,0.944486086,0.782519168
,,,0.496043493,0.468987041,0.218642687,0.750342496,0.919347482,0.887440242
,,,0.702799117,0.995640813,0.477376962,0.737098571,0.758952852,0.211898533
,,,0.968575862,0.32808534,0.065123352,0.016299514,0.757262724,0.461221868
,,,0.61681329,0.802254057,0.048695204,0.45880931,0.01378941,0.93261685
,,,0.202518229,0.228260575,0.206527348,0.328033045,0.246075034,0.184139674
,,,0.860502909,0.773354665,0.453357206,0.426431814,0.571270022,0.859631816
,,,0.753063102,0.415207276,0.144935288,0.360437794,0.15009177,0.653689007
,,,0.958665596,0.405954822,0.603071901,0.051894788,0.496193192,0.8230669
,,,0.735092996,0.853446758,0.955000688,0.319990683,0.756152301,0.151022335
,,,0.699991599,0.42563632,0.37820866,0.435741813,0.748532046,0.432399597
,,,0.344860508,0.632310524,0.208772863,0.380741539,0.820104599,0.157375231
,,,0.666046712,0.957088874,0.033786342,0.067944528,0.298165987,0.096798988
,,,0.350169069,0.78123717,0.903510598,0.344188173,0.641230128,0.328295803
,,,0.451956531,0.704716097,0.461093911,0.01270693,0.430865701,0.323341682
,,,0.307058615,0.042055411,0.189905363,0.331795738,0.021225255,0.640212492
,,,0.712031345,0.107384675,0.229415723,0.280495013,0.238036773,0.938810749
,,,0.777028003,0.297448971,0.872784679,0.979766754,0.072671702,0.840930447
,,,0.158187538,0.640287611,0.703661998,0.992165258,0.6009178,0.048346276
,,,0.99268849,0.767801725,0.813747328,0.970598915,0.673719589,0.790504415
,,,0.572715444,0.482975711,0.20164642,0.195557689,0.002989849,0.134351353
,,,0.838136318,0.862181303,0.145835411,0.071523863,0.096260281,0.1305475
,,,0.928636333,0.121668905,0.307439854,0.007966018,0.319573322,0.701396998
,,,0.074980381,0.08300905,0.259453352,0.528583759,0.554788763,0.361705145
,,,0.115773425,0.015726372,0.518992501,0.387144911,0.010491383,0.999539767
,,,0.792600949,0.37047873,0.876462222,0.909994508,0.752674989,0.008465743
,,,0.951079928,0.788354662,0.93650446,0.554807608,0.351751458,0.360362181
,,,0.002093916,0.655530668,0.833014502,0.090432727,0.737387659,0.919492295
,,,0.577174134,0.462048764,0.68657203,0.735385924,0.803822297,0.65883771
,,,0.923904857,0.237966301,0.10312598,0.111405151,0.071458654,0.916535871
,,,0.574632437,0.137255881,0.909678614,0.992088548,0.929429425,0.855706699
,,,0.215242718,0.246332493,0.871378428,0.933016111,0.123977346,0.770491252
,,,0.613112155,0.356528903,0.572609858,0.110738145,0.976558666,0.171958052
,,,0.804106723,0.962001648,0.368632936,0.159664848,0.330506641,0.467970029
,,,0.601944201,0.477769701,0.019663506,0.399123237,0.524989253,0.80253884
,,,0.604174497,0.714678572,0.401569533,0.514631501,0.23000783,0.91087967
,,,0.42884388,0.701877316,0.454265694,0.314077722,0.28924801,0.430171152
,,,0.085510294,0.63655249,0.870762663,0.100497374,0.686069313,0.324971668
,,,0.543377708,0.488935766,0.875069027,0.499602327,0.368425159,0.150724614
,,,0.65954824,0.880301228,0.309484344,0.704052099,0.002303785,0.172412716
,,,0.91265825,0.998506124,0.851843136,0.375862899,0.44309389,0.555552199
,,,0.284645948,0.289937183,0.662665621,0.296328785,0.192370443,0.507776928
,,,0.213360848,0.903284237,0.525699785,0.878283897,0.822891073,0.860880546
,,,0.015774728,0.938552339,0.129724739,0.917394298,0.863599668,0.009574397
,,,0.451318646,0.699537595,0.521699985,0.908684751,0.983892807,0.685270831
,,,0.480394979,0.983513196,0.626247913,0.499298182,0.537042821,0.444339907
,,,0.527609308,0.454263698,0.644404972,0.470691419,0.450806749,0.8342685
,,,0.259968159,0.458402917,0.255230351,0.15576402,0.095641098,0.957368665
,,,0.369984518,0.825656094,0.250714773,0.394236237,0.045416536,0.848284117
,,,0.673878418,0.694810704,0.19797497,0.92265036,0.873992789,0.023728012
,,,0.965306365,0.602678209,0.714152781,0.100833834,0.52262899,0.685355213
,,,0.833853941,0.233392041,0.76060794,0.885352863,0.377052004,0.508837313
,,,0.359072231,0.103192988,0.346397296,0.602950535,0.983836652,0.896793262
,,,0.990435906,0.177216289,0.302923145,0.275562553,0.817162995,0.91737041
,,,0.739899119,0.09191001,0.545010305,0.581092572,0.418236605,0.532115782
,,,0.676220956,0.095775117,0.121564629,0.660770404,0.688771228,0.956268718
,,,0.18459733,0.819608516,0.615864257,0.096865784,0.243319532,0.07466397
,,,0.328318695,0.7705712,0.526729857,0.933308274,0.606604921,0.143446963
,,,0.826954048,0.707636714,0.188102878,0.13366624,0.364828044,0.795365094
,,,0.327395643,0.004684706,0.220932352,0.021483023,0.924724549,0.80402243
,,,0.069471866,0.459530566,0.657692686,0.048637176,0.642370914,0.893355164
,,,0.206002844,0.288817078,0.267219374,0.634567637,0.665351278,0.659004347
,,,0.121800749,0.634852667,0.508168568,0.28352769,0.351627901,0.602870596
,,,0.258676124,0.297823536,0.621523214,0.622721833,0.148600781,0.411387053
,,,0.044484364,0.7475215,0.032998205,0.234348565,0.731590579,0.12485452
,,,0.711802526,0.611235008,0.403065915,0.575889042,0.453214549,0.949762797
,,,0.066177039,0.980309158,0.607545324,0.04233039,0.793932436,0.401268901
,,,0.160378481,0.671347077,0.303864665,0.384729462,0.697021396,0.844973307
,,,0.852727394,0.879219471,0.411847956,0.713032726,0.527536772,0.630764563
,,,0.531742927,0.952597784,0.143777319,0.941842303,0.650158278,0.43034858
,,,0.874330226,0.686563844,0.074608784,0.453535856,0.332925545,0.626634182
,,,0.196078357,0.728168205,0.54619377,0.658682336,0.120946849,0.00909187
,,,0.331240548,0.500055881,0.781411963,0.471199344,0.240250256,0.080165093
,,,0.394936482,0.518065526,0.265677509,0.302139877,0.20481512,0.113184215
,,,0.651860146,0.623321195,0.780646158,0.641616838,0.462113604,0.619517573
,,,0.644929507,0.506490255,0.785017781,0.596524628,0.038040662,0.60499558
,,,0.321490317,0.606675913,0.931293647,0.450395245,0.138394008,0.207151242
,,,0.505028287,0.278386866,0.536641286,0.916076315,0.779966766,0.06569903
,,,0.979515312,0.302808752,0.928219831,0.645531883,0.238448158,0.051871474
,,,0.677714148,0.953166391,0.385713289,0.287301657,0.29599918,0.918984275
,,,0.870932608,0.283228535,0.106351503,0.82997708,0.818397822,0.362744087
,,,0.135212525,0.59149128,0.419445654,0.053569287,0.8939395,0.191132792
,,,0.236756639,0.469420989,0.440234537,0.559377443,0.294791565,0.613816534
,,,0.556912655,0.461611393,0.199138656,0.455760826,0.09648166,0.667165485
,,,0.849291738,0.180849588,0.596564681,0.029271568,0.031590652,0.179411941
,,,0.733265894,0.967986165,0.159130251,0.346433025,0.20629239,0.709547758
,,,0.053968645,0.0188628,0.732284144,0.772519653,0.853394863,0.118750044
,,,0.654580658,0.669330426,0.828607433,0.819858029,0.856762163,0.711832959
,,,0.997180699,0.042446576,0.144247765,0.151815661,0.791930864,0.470625802
,,,0.672390851,0.902407296,0.001793063,0.759610358,0.729926705,0.063050561
,,,0.0281004,0.650275107,0.293493186,0.254093564,0.583658646,0.085223752
,,,0.298100732,0.558367314,0.950668228,0.77694443,0.648639172,0.626577189
,,,0.214964558,0.367997786,0.321098541,0.633196622,0.103449952,0.87308814
,,,0.764690162,0.515704102,0.60662441,0.978289769,0.962756352,0.009788394
,,,0.948123072,0.883046127,0.010864892,0.338407264,0.472442771,0.623199996
,,,0.020126681,0.902271316,0.422527716,0.097869847,0.418527982,0.320334548
,,,0.643721832,0.517666224,0.401831393,0.455670518,0.25048131,0.385958484
,,,0.242740365,0.907801386,0.902779382,0.84490787,0.82165437,0.10863911
,,,0.228969361,0.135090472,0.881332161,0.863654829,0.259087448,0.227634272
,,,0.126663101,0.961947015,0.518531985,0.455702165,0.266967982,0.358839064
,,,0.578321662,0.290971044,0.076926678,0.622163479,0.706254865,0.432821488
,,,0.30699642,0.313422122,0.754709339,0.495829428,0.570171905,0.95481805
,,,0.983939968,0.184715434,0.228230918,0.26162721,0.378365743,0.836897244
,,,0.741966237,0.837013699,0.433687504,0.113919624,0.768530079,0.58034839
,,,0.349701614,0.643083138,0.853112045,0.674597832,0.833299531,0.702766201
,,,0.532750137,0.057184824,0.943360099,0.465239273,0.530872105,0.738086022
,,,0.437463665,0.122659346,0.146809801,0.742836244,0.727323903,0.693331518
,,,0.596690228,0.610656512,0.370085007,0.236421299,0.237902584,0.588576869
,,,0.699598783,0.740162392,0.250777473,0.917359941,0.985546362,0.428696361
,,,0.960234658,0.244164496,0.89530655,0.476131908,0.476422263,0.678577558
,,,0.416996562,0.626649892,0.89112488,0.141752989,0.89315191,0.982682811
,,,0.607766743,0.794619995,0.21791164,0.989575186,0.12441633,0.681139232
,,,0.563851377,0.633220158,0.50250979,0.644290053,0.472640077,0.873803316
,,,0.943016465,0.517350122,0.979396189,0.833179896,0.334745838,0.711208398
,,,0.030205888,0.543636494,0.631377158,0.068166695,0.436181656,0.761973193
,,,0.127572636,0.431487142,0.087327701,0.242465276,0.6043173,0.189112739
,,,0.590755298,0.160452436,0.363032511,0.4947457,0.98847788,0.398905379
,,,0.36131777,0.936893324,0.357194367,0.344647086,0.819497984,0.708478203
,,,0.825843891,0.002829929,0.433503614,0.505677516,0.044491249,0.546251494
,,,0.302120675,0.320163125,0.345155864,0.637947555,0.03038591,0.887707392
,,,0.800686037,0.179787866,0.591078064,0.544146699,0.677971837,0.400644194
,,,0.532236378,0.55829594,0.181914115,0.046159714,0.861282547,0.453670849
,,,0.800543784,0.318455904,0.675355463,0.67111057,0.959204579,0.496792676
,,,0.409367271,0.495972544,0.688040964,0.797340753,0.455536966,0.071362274
,,,0.315743436,0.017293609,0.880347464,0.865017711,0.265269847,0.695615834
,,,0.826477729,0.232899801,0.618242218,0.925128071,0.160848407,0.01880298
,,,0.99632313,0.596395238,0.975135018,0.718403282,0.479239702,0.11475837
,,,0.241623253,0.81012174,0.760400481,0.374377431,0.447573265,0.122376095
,,,0.434294277,0.221247001,0.568190024,0.721842433,0.399260281,0.32225867
,,,0.938460678,0.195825037,0.996807027,0.733303012,0.88482309,0.084562932
,,,0.963709993,0.377252981,0.96714277,0.016085744,0.313601509,0.959556203
,,,0.698141796,0.278882512,0.019606313,0.013802403,0.308340385,0.302992963
,,,0.250253296,0.510979507,0.798859276,0.8503063,0.179833412,0.641006872
,,,0.326265971,0.006932441,0.348017786,0.163933399,0.291489484,0.923037226
,,,0.378966892,0.957559121,0.052392874,0.72941991,0.192584961,0.597562334
,,,0.434221858,0.542898079,0.427448652,0.801788214,0.018819193,0.587099944
,,,0.724633611,0.750885248,0.264426727,0.665763744,0.018570125,0.41321889
,,,0.387285955,0.385122608,0.58355112,0.984797826,0.313766973,0.903811907
,,,0.674303835,0.418046144,0.070720579,0.249358011,0.951889963,0.009188442
,,,0.182839467,0.807998172,0.292428748,0.865742523,0.032727221,0.992020981
,,,0.159355522,0.251219249,0.99118555,0.459007061,0.161834461,0.173584008
,,,0.49975484,0.282944922,0.59157936,0.618063347,0.794518572,0.352101752
,,,0.347935599,0.160351651,0.015349942,0.189939822,0.386450181,0.443538976
,,,0.119263792,0.070224932,0.511896648,0.847581184,0.096103549,0.477829147
,,,0.037082289,0.522902364,0.162892017,0.423893706,0.524293846,0.90120677
,,,0.259524835,0.13523302,0.864844733,0.988817306,0.983295007,0.080636007
,,,0.45610531,0.74485593,0.369839883,0.280251474,0.075038121,0.678419295
,,,0.174656416,0.191506893,0.707421085,0.079771952,0.829901477,0.63855312
,,,0.757993306,0.037046306,0.005324236,0.663322865,0.602210311,0.402136354
,,,0.467788701,0.718761441,0.6347834,0.025686988,0.890932119,0.784631833
,,,0.142262843,0.453569925,0.39112622,0.872693141,0.960014504,0.540653374
,,,0.431846612,0.659553445,0.972885516,0.330847677,0.73035917,0.064476577
,,,0.521096787,0.605897823,0.67045713,0.763322192,0.267855112,0.912019757
,,,0.639270451,0.405762385,0.471437783,0.28975555,0.830532007,0.473416165
,,,0.637516206,0.020374885,0.053007324,0.073731997,0.324209152,0.001846593
,,,0.199836441,0.533953858,0.91964617,0.771899396,0.293210838,0.706148042
,,,0.553295218,0.746774696,0.289463736,0.548923238,0.394594106,0.953069503
,,,0.094239858,0.007043072,0.054454222,0.135372956,0.355769368,0.353977535
,,,0.202568265,0.512872935,0.883140994,0.977098119,0.367717743,0.647951877
,,,0.363457057,0.284471786,0.291709861,0.762116623,0.995364157,0.762983536
,,,0.92546693,0.397425722,0.211765603,0.233307214,0.018278588,0.236647324
,,,0.553112795,0.518715726,0.425701467,0.108968285,0.400531476,0.683630518
,,,0.706023784,0.713865955,0.220016692,0.206839096,0.527687566,0.411052997
,,,0.151574989,0.223896673,0.136494359,0.42080056,0.420045794,0.708309513
,,,0.113614779,0.762381953,0.055863249,0.740219501,0.926044768,0.293914725
,,,0.392082934,0.811028071,0.885331242,0.489459941,0.063797515,0.17218488
,,,0.194936106,0.812683315,0.520856373,0.578883053,0.108475058,0.270888114
,,,0.004843966,0.97841771,0.680737577,0.076085401,0.358742287,0.787057195
,,,0.57076573,0.007905239,0.37958875,0.927573626,0.028276288,0.928634885
,,,0.289788755,0.548448686,0.577498626,0.778423342,0.52990592,0.274667873
,,,0.107815597,0.119694536,0.92219962,0.013301177,0.768370407,0.131442335
,,,0.395822379,0.387375609,0.371526976,0.822895208,0.995010367,0.615839502
,,,0.950380451,0.53775751,0.399707055,0.86816351,0.549454872,0.748910776
,,,0.728590828,0.326479792,0.136319881,0.754196429,0.486039086,0.380947673
,,,0.76582455,0.960518403,0.625502233,0.960206969,0.350621488,0.477285637
,,,0.328743863,0.437001032,0.964834442,0.608409533,0.866524909,0.989592468
,,,0.972671348,0.041143788,0.34502734,0.152627173,0.01607791,0.055575687
,,,0.774587442,0.414651413,0.58615744,0.899922732,0.351409939,0.620518716
,,,0.660830021,0.286786648,0.748552247,0.698696853,0.70707481,0.366661293
,,,0.380438011,0.665198943,0.826098867,0.452122625,0.593815698,0.780328703
,,,0.17915183,0.63716046,0.189961396,0.645729588,0.293603033,0.89126183
,,,0.517878047,0.361027986,0.455511617,0.885314894,0.666013871,0.524402759
,,,0.50931668,0.09503167,0.663401703,0.758656826,0.857222488,0.522084186
,,,0.210693287,0.56088689,0.391105993,0.58547982,0.729977247,0.805875959
,,,0.296035815,0.638899323,0.959048509,0.991838798,0.366257042,0.364970396
,,,0.185427631,0.796922251,0.735428013,0.606107823,0.304678609,0.794020735
,,,0.248967256,0.589573774,0.399693369,0.076435652,0.292357553,0.665010631
,,,0.500093725,0.169924558,0.296290387,0.696903655,0.840090591,0.197640591
,,,0.902477404,0.762848478,0.37924819,0.110920447,0.960041018,0.423060495
,,,0.698376999,0.085564672,0.355844303,0.54820062,0.273884424,0.824188719
,,,0.168226304,0.779437133,0.979230985,0.066702042,0.861707855,0.653598674
,,,0.288679118,0.489880365,0.106244733,0.884436834,0.342078856,0.747096291
,,,0.722301664,0.798878598,0.175573191,0.698953589,0.987150587,0.564817835
,,,0.743664831,0.182975185,0.807821331,0.612867755,0.831797908,0.967476986
,,,0.637103402,0.214875603,0.367200609,0.770815448,0.869006721,0.233626428
,,,0.453445424,0.827262482,0.017658154,0.016547336,0.0498237,0.382237
,,,0.49897105,0.453511153,0.000690199,0.772799023,0.06458084,0.210094357
,,,0.882528965,0.219598094,0.750828176,0.648184918,0.911739192,0.931946712
,,,0.159073941,0.095549149,0.494827891,0.289357703,0.529287427,0.701930682
,,,0.187697213,0.13065246,0.292670533,0.755429397,0.486316838,0.542912852
,,,0.230310219,0.768617048,0.763080373,0.244231665,0.544965659,0.02884487
,,,0.661787927,0.208776526,0.120276516,0.2500176,0.001920296,0.808336417
,,,0.404957422,0.320223393,0.725928621,0.079757367,0.331902194,0.870500818
,,,0.142773193,0.354968009,0.829287088,0.111431123,0.824937167,0.244011347
,,,0.604679591,0.358178881,0.572471702,0.883036012,0.258114932,0.575637163
,,,0.787640011,0.082152149,0.602771111,0.295669546,0.829871732,0.790841049
,,,0.508258566,0.132235107,0.215836469,0.132491161,0.068397765,0.827907705
,,,0.467587077,0.196560738,0.365622127,0.225171785,0.653483571,0.297530632
,,,0.198478551,0.496861345,0.89193671,0.878894956,0.513394742,0.824754076
,,,0.015443002,0.567153808,0.68902105,0.72987433,0.864742871,0.529301922
,,,0.933273428,0.257994784,0.940369099,0.942243012,0.080856105,0.984877573
,,,0.395657614,0.135648833,0.928452897,0.987238953,0.701392144,0.42688781
,,,0.437858425,0.289998623,0.506486601,0.997028062,0.215534284,0.182090485
,,,0.137885616,0.850151086,0.048080879,0.564936225,0.056510224,0.561871161
,,,0.952040179,0.664289595,0.693442187,0.845190894,0.029919602,0.31989306
,,,0.23087267,0.989667764,0.240374343,0.204090404,0.61158009,0.522046886
,,,0.215333345,0.293367697,0.152556518,0.308655807,0.216631569,0.009987433
,,,0.398509628,0.780138525,0.188978003,0.192654909,0.112485875,0.59161127
,,,0.639252532,0.15959999,0.013234278,0.7024922,0.993517412,0.320902488
,,,0.660233206,0.226813346,0.635266862,0.382975589,0.130501881,0.24761023
,,,0.705507757,0.584588495,0.228588249,0.78355178,0.371283108,0.749952948
,,,0.832084942,0.571630417,0.863459281,0.408262041,0.984971547,0.784518974
,,,0.88015846,0.010083631,0.154253738,0.018690889,0.62030465,0.456005102
,,,0.980300886,0.904645675,0.321952504,0.752082513,0.498617855,0.092119008
,,,0.126737065,0.571087932,0.086111085,0.480336843,0.218305076,0.84869185
,,,0.944715543,0.76705853,0.278560348,0.151009367,0.967991524,0.266362593
,,,0.274672425,0.719775649,0.417318245,0.299403808,0.661764307,0.598027616
,,,0.399345666,0.328266741,0.265762096,0.661612414,0.481038304,0.717176461
,,,0.542479013,0.596512596,0.748769324,0.120836279,0.919422909,0.785376929
,,,0.222045082,0.126397247,0.554470436,0.024037162,0.714396458,0.248728228
,,,0.757317671,0.888874969,0.256278835,0.705852464,0.64416202,0.75383679
,,,0.943810265,0.612536592,5.43325E-05,0.947888029,0.608098104,0.37160487
,,,0.497629823,0.238615698,0.530124278,0.891673158,0.178668546,0.286222318
,,,0.07243025,0.731065374,0.464414052,0.509281791,0.943166432,0.759679965
,,,0.157995632,0.568589354,0.023016348,0.705333666,0.690222893,0.645656743
,,,0.977281042,0.453363683,0.310360267,0.451621094,0.385527524,0.906952362
,,,0.115239347,0.247331249,0.324668713,0.967535185,0.297148473,0.64674702
,,,0.156304373,0.752042017,0.445644098,0.815599033,0.091220359,0.015355444
,,,0.394772968,0.639681424,0.017321082,0.357835452,0.484824273,0.372232569
,,,0.85881239,0.223532823,0.129638773,0.807434555,0.107636872,0.143992457
,,,0.273646762,0.828310713,0.232378268,0.907314936,0.357697911,0.408054435
,,,0.832808916,0.609694197,0.912183593,0.990884137,0.208428766,0.608017947
,,,0.306313327,0.366012547,0.729227303,0.175560796,0.75132147,0.461518753
,,,0.127993,0.852513522,0.376261523,0.097198204,0.816935528,0.133216438
,,,0.271595006,0.468847481,0.255975014,0.119660472,0.250639573,0.383447145
,,,0.972649459,0.364715787,0.244148246,0.122499839,0.845331585,0.781213948
,,,0.509045756,0.551031635,0.314273626,0.699677815,0.551627868,0.35887866
,,,0.752523152,0.722857823,0.678060902,0.904132297,0.564795653,0.277205183
,,,0.636680476,0.284748668,0.968360978,0.812881061,0.12249763,0.190414395
,,,0.873646982,0.851654535,0.908267954,0.224413835,0.542870955,0.849792205
,,,0.564536221,0.465082744,0.926924047,0.833070543,0.313174243,0.179847916
,,,0.713302121,0.353773435,0.36475293,0.972865327,0.223106078,0.075770173
,,,0.218291455,0.795503383,0.455547313,0.03462803,0.984954243,0.809867734
,,,0.607097765,0.074872986,0.858650339,0.196140727,0.60640151,0.846419911
,,,0.447473055,0.126152282,0.737629515,0.714422825,0.771418199,0.241024179
,,,0.44721295,0.791682252,0.437376751,0.192413189,0.895949575,0.126148564
,,,0.810628885,0.14850511,0.393627893,0.982674612,0.722217758,0.383368882
,,,0.070096377,0.329999784,0.243355174,0.545765691,0.943040665,0.076409924
,,,0.321115278,0.377912326,0.175578043,0.295168408,0.012619942,0.996759906
,,,0.592498709,0.368375821,0.782010377,0.513114849,0.351086328,0.898145732
,,,0.156567805,0.033608141,0.485405561,0.113210767,0.201768119,0.984178024
,,,0.265877783,0.368298421,0.203383872,0.798006495,0.890714917,0.548517133
,,,0.380526922,0.487459972,0.751047486,0.451189001,0.539440142,0.014827831
,,,0.832237805,0.766624288,0.294574475,0.071925962,0.875520867,0.345695067
,,,0.470982662,0.713278231,0.588542397,0.159317413,0.076934599,0.754555647
,,,0.233939491,0.682538316,0.38531426,0.013228831,0.005787901,0.459069082
,,,0.432092812,0.371831302,0.275367927,0.549125924,0.113869185,0.029292977
,,,0.31226115,0.914551422,0.197318646,0.491619322,0.234757667,0.256570928
,,,0.080973836,0.303545023,0.419560587,0.641737058,0.420927155,0.03396249
,,,0.019956825,0.055922675,0.740761176,0.389669325,0.519808655,0.90710121
,,,0.796418402,0.793400941,0.683709953,0.1330104,0.249222896,0.352264138
,,,0.417060684,0.633173014,0.755310759,0.320596723,0.05017743,0.069132976
,,,0.273656365,0.616179634,0.043779946,0.38027084,0.257466523,0.432134722
,,,0.299482789,0.080066299,0.35697474,0.330137333,0.317993443,0.00996996
,,,0.365588795,0.47800844,0.8308075,0.267546157,0.897786544,0.524143513
,,,0.869494514,0.199364849,0.422380925,0.686934537,0.802655741,0.915291524
,,,0.47218188,0.276004353,0.676215917,0.112829969,0.551170375,0.493291317
,,,0.438359518,0.952095112,0.06698593,0.411680605,0.241894733,0.902957159
,,,0.715655218,0.322988693,0.306604633,0.953176188,0.899948378,0.863622442
,,,0.521824768,0.208068908,0.88692656,0.870445467,0.982992157,0.885128136
,,,0.470488181,0.873716981,0.029542947,0.024751653,0.887560384,0.871858541
,,,0.408696011,0.060660526,0.425272999,0.626118427,0.237776928,0.648141913
,,,0.6072199,0.47873281,0.876918854,0.619732464,0.976454056,0.477861416
,,,0.614228258,0.104723781,0.954211345,0.045626393,0.548152939,0.333732542
,,,0.565834654,0.529504514,0.312315169,0.997148718,0.716258549,0.087094261
,,,0.671563893,0.975026077,0.849862009,0.607427959,0.95903585,0.719306581
,,,0.651428189,0.678864929,0.780343244,0.090962388,0.905639471,0.805091823
,,,0.170076289,0.923709788,0.185933026,0.09783084,0.160045372,0.355547345
,,,0.80687022,0.066946241,0.256363038,0.972082896,0.773011959,0.812471141
,,,0.961782352,0.212735772,0.662265365,0.18601457,0.874327372,0.344109096
,,,0.591737826,0.378471932,0.635096033,0.415415768,0.952603404,0.991425947
,,,0.260254526,0.761994016,0.782725511,0.280515387,0.95196155,0.412025982
,,,0.069932856,0.469971065,0.755005402,0.192088004,0.108254031,0.029370203
,,,0.914552508,0.745164993,0.074306638,0.576051977,0.796961405,0.578864527
,,,0.01172023,0.223861491,0.451267742,0.85207518,0.578971084,0.525651404
,,,0.648474515,0.798163612,0.15297496,0.347154921,0.245377941,0.352381822
,,,0.581601375,0.874884719,0.394585093,0.693475001,0.692179267,0.289767637
,,,0.219109411,0.193657837,0.155325323,0.909540271,0.414335703,0.596865595
,,,0.16353031,0.870751553,0.698004097,0.71070183,0.046367493,0.557907391
,,,0.125199492,0.503797049,0.943216218,0.375981013,0.753619176,0.578480004
,,,0.936976947,0.847875538,0.254929555,0.757103142,0.953907998,0.99847353
,,,0.618455623,0.943275187,0.575571115,0.144942392,0.105017668,0.220418376
,,,0.354932638,0.654467912,0.470040668,0.098449183,0.78765457,0.220616142
,,,0.207050121,0.0525502,0.780102657,0.722299214,0.726511995,0.814593698
,,,0.860249614,0.280322774,0.84438352,0.854049537,0.425731486,0.19341833
,,,0.753893081,0.774914569,0.212132248,0.289554537,0.126139649,0.350009936
,,,0.244888824,0.413324564,0.385123621,0.518016731,0.428771882,0.667910922
,,,0.967183634,0.554160934,0.210583983,0.019063951,0.443463467,0.355622643
,,,0.362056663,0.6260218,0.800781713,0.264773969,0.067116698,0.029812402
,,,0.634251405,0.268574226,0.308781635,0.287702195,0.538061252,0.679432905
,,,0.979507707,0.846454677,0.423118732,0.017436117,0.443393643,0.479424861
,,,0.373171881,0.664542457,0.683192758,0.418257175,0.259592553,0.898901073
,,,0.576644724,0.762605016,0.244483874,0.425065098,0.738434662,0.88518464
,,,0.242053722,0.335309634,0.522860204,0.38394546,0.867694132,0.85870818
,,,0.865418829,0.698879689,0.450340906,0.750998021,0.805035305,0.28749364
,,,0.424700589,0.804939113,0.978759432,0.142015043,0.283065282,0.628229738
,,,0.277467265,0.7069891,0.70470214,0.848069715,0.813851776,0.82703371
,,,0.813210309,0.435447058,0.341313631,0.397721049,0.260177012,0.428704662
,,,0.243887888,0.274828078,0.418297767,0.253358418,0.362140739,0.614757148
,,,0.750237379,0.738967351,0.269946919,0.878493486,0.388278774,0.189761105
,,,0.244848681,0.005547156,0.854936293,0.452325567,0.478798826,0.165118225
,,,0.469442151,0.623783855,0.970080749,0.058627329,0.741103754,0.12662481
,,,0.290597704,0.854136524,0.88048673,0.243983493,0.100428519,0.647724357
,,,0.91810062,0.201576366,0.163393028,0.552992819,0.57996247,0.947603608
,,,0.474221778,0.502620485,0.037265355,0.382979821,0.825816248,0.144223175
,,,0.360137964,0.956998959,0.790847465,0.64281614,0.227983017,0.721701698
,,,0.401726891,0.605968486,0.41785937,0.545211396,0.478796407,0.75274428
,,,0.831694986,0.423448678,0.750670731,0.692714436,0.393143392,0.884620163
,,,0.07185133,0.316907092,0.705346162,0.416149934,0.847262381,0.44009578
,,,0.972008208,0.256692461,0.370015442,0.352570727,0.754435728,0.282454131
,,,0.836634364,0.285383597,0.357808418,0.658436005,0.488678003,0.830285713
,,,0.238770903,0.399978831,0.226656818,0.236197783,0.749566021,0.727540429
,,,0.364499644,0.736950698,0.486846852,0.805031494,0.607930403,0.902089371
,,,0.513042653,0.53077425,0.450704367,0.345429343,0.493264194,0.650449015
,,,0.933918206,0.041671181,0.466224218,0.598264965,0.962629063,0.377464019
,,,0.913016501,0.640829422,0.666040477,0.414174079,0.068969227,0.465087766
,,,0.158435643,0.299111918,0.645998111,0.752157536,0.345426065,0.360526467
,,,0.118189685,0.431322499,0.249801233,0.447564604,0.430403558,0.989737189
,,,0.417949289,0.06488783,0.232335091,0.273888292,0.530603115,0.443020441
,,,0.916388567,0.90828365,0.317549809,0.792809301,0.995024192,0.000562722
,,,0.041700518,0.865454335,0.958975578,0.022648742,0.726354461,0.995724499
,,,0.762359087,0.272355065,0.744175078,0.806224952,0.951863995,0.218501113
,,,0.722018636,0.743661414,0.449420284,0.852763777,0.040522583,0.284497416
,,,0.503150962,0.249320879,0.268578234,0.135983296,0.681624518,0.215006909
,,,0.519866905,0.809695544,0.033330631,0.903444446,0.389286912,0.463362234
,,,0.596997297,0.74222858,0.867147117,0.741555902,0.603566921,0.602709759
,,,0.986708589,0.505252525,0.91178274,0.422433389,0.111820474,0.283339556
,,,0.662410948,0.216199693,0.22086676,0.827413397,0.613411906,0.606735945
,,,0.03703751,0.848661014,0.164828427,0.160912342,0.115696226,0.928633125
,,,0.365399056,0.200434602,0.533894211,0.349856318,0.740150594,0.126906656
,,,0.341944338,0.952472445,0.766343403,0.24864692,0.291583932,0.93841552
,,,0.086266301,0.752270412,0.094610092,0.438626771,0.86409542,0.80957487
,,,0.365607582,0.964699746,0.175357457,0.865673811,0.04043197,0.82037969
,,,0.881913997,0.543263939,0.205553835,0.228541935,0.811403067,0.427400083
,,,0.479433478,0.973176845,0.045027987,0.875501093,0.736066745,0.130752326
,,,0.221210749,0.855845105,0.074933879,0.312214459,0.275910038,0.247736895
,,,0.927699439,0.873263065,0.508444373,0.470596979,0.644885609,0.999148552
,,,0.716440412,0.071317461,0.204564233,0.675155273,0.180964833,0.213475252
,,,0.556961308,0.947026278,0.218854539,0.371392564,0.527378766,0.20762102
,,,0.302148388,0.650015126,0.002839746,0.122290156,0.326983172,0.70712429
,,,0.752349175,0.36839107,0.773523258,0.010650475,0.734113932,0.403418945
,,,0.428445258,0.59400491,0.812537257,0.37706173,0.402738154,0.122134258
,,,0.564558869,0.696025622,0.610131065,0.471714536,0.907531705,0.986980648
,,,0.750929555,0.507829693,0.977873934,0.005677318,0.010820339,0.339186486
,,,0.057267017,0.455245635,0.948335044,0.287862142,0.373819876,0.523257175
,,,0.379623792,0.081425925,0.072100875,0.8948352,0.034335475,0.379005046
,,,0.871943038,0.13265659,0.581474371,0.748991629,0.497404027,0.373820861
,,,0.300098005,0.462854423,0.690701497,0.369878884,0.267403406,0.329624815
,,,0.819126408,0.482898933,0.348783468,0.484517905,0.051425091,0.190640438
,,,0.036030874,0.353123863,0.502036011,0.690577374,0.310874442,0.681501589
,,,0.933824007,0.56677811,0.384672953,0.363800316,0.236831338,0.432185214
,,,0.62736835,0.067400912,0.466276303,0.733596012,0.123345197,0.710141746
,,,0.803209499,0.46916761,0.261339303,0.224447629,0.920308386,0.192602552
,,,0.277182746,0.669161598,0.756857124,0.663764824,0.931167242,0.724895742
,,,0.044715825,0.724106491,0.276895021,0.951846924,0.140402097,0.476089769
,,,0.244673887,0.034101781,0.13644778,0.037764375,0.719839013,0.91594014
,,,0.371369457,0.435737623,0.798285599,0.408041521,0.211715413,0.467707339
,,,0.645946818,0.651607902,0.158187379,0.615707146,0.598824117,0.738000488
,,,0.136072299,0.205896083,0.262984551,0.389821499,0.527312846,0.364990736
,,,0.086355779,0.143823876,0.239363357,0.329145641,0.759655049,0.552392008
,,,0.383155935,0.317752356,0.56639592,0.639113962,0.68134601,0.750547195
,,,0.568665433,0.057408803,0.784028229,0.525414618,0.115371528,0.86319742
,,,0.505536737,0.824159627,0.193839984,0.146189751,0.55333525,0.78754474
,,,0.086633391,0.337970927,0.092668676,0.232229155,0.648328065,0.554373037
,,,0.971669058,0.108176039,0.433842186,0.74138092,0.904673421,0.442880685
,,,0.587446457,0.123144536,0.901174442,0.781434191,0.233004051,0.443546163
,,,0.864434847,0.506094622,0.293059986,0.60833535,0.323908541,0.117455929
,,,0.417463091,0.101355761,0.815610941,0.419855076,0.707811189,0.490778216
,,,0.421039987,0.20686969,0.606110963,0.391852079,0.234191649,0.465137021
,,,0.078658032,0.673025952,0.034705151,0.775710667,0.775378225,0.413584818
,,,0.951537974,0.013062579,0.276104013,0.964294876,0.681991573,0.947248845
,,,0.938658696,0.456918571,0.542786445,0.773802526,0.024152617,0.854946441
,,,0.277459648,0.685398112,0.310316434,0.25469775,0.513601784,0.59700935
,,,0.436024172,0.288261123,0.351721874,0.150302041,0.2659191,0.600945803
,,,0.399640734,0.511434117,0.459807399,0.656252924,0.245634573,0.705342491
,,,0.030670294,0.58622173,0.717274289,0.394675581,0.823457121,0.710281656
,,,0.387559659,0.555028594,0.258744497,0.132830802,0.989788732,0.293665164
,,,0.525079386,0.690597226,0.649612178,0.273960402,0.682088874,0.635655832
,,,0.246369703,0.968350256,0.72925446,0.938923496,0.770597531,0.892072805
,,,0.335540357,0.552889454,0.982339428,0.782623881,0.977167657,0.153090322
,,,0.368656766,0.308806181,0.98775008,0.941066489,0.232104291,0.841218731
,,,0.802258879,0.652648074,0.833377709,0.803754693,0.770142598,0.267885364
,,,0.256000557,0.741175271,0.42878262,0.286102562,0.148387541,0.711889147
,,,0.942560234,0.916220207,0.127676251,0.318911588,0.393496462,0.192653233
,,,0.608700755,0.434942427,0.947320772,0.607808133,0.358847486,0.543229984
,,,0.052880577,0.639237619,0.578943703,0.0755242,0.414550061,0.297368204
,,,0.052484469,0.930922323,0.132158761,0.956379618,0.05169555,0.290945889
,,,0.987454133,0.440065574,0.047873759,0.94762562,0.532037823,0.213320994
,,,0.009596928,0.582347891,0.392624283,0.109872293,0.743470948,0.338167098
,,,0.492091783,0.645045671,0.046932754,0.746031254,0.019455858,0.475098058
,,,0.367395304,0.977173496,0.929810061,0.899495741,0.393044399,0.886447711
,,,0.008238011,0.925827335,0.996473043,0.515985705,0.495562807,0.681043604
,,,0.5622925,0.797464795,0.334052638,0.872465896,0.405880791,0.138161902
,,,0.189724386,0.307523965,0.952164732,0.508242509,0.564220246,0.429176603
,,,0.38977457,0.519314417,0.15285967,0.797974202,0.965943921,0.171067604
,,,0.020273619,0.621227537,0.495903034,0.849460563,0.380278529,0.337197782
,,,0.789057179,0.687411613,0.513820145,0.389308313,0.254188781,0.848687566
,,,0.324254358,0.300948836,0.222235594,0.71646675,0.972073892,0.373225667
,,,0.951342815,0.309607663,0.609031463,0.822374221,0.58605183,0.723935094
,,,0.734392873,0.819943079,0.122247954,0.411613142,0.681565194,0.282471399
,,,0.736408605,0.317250957,0.027543899,0.794111041,0.856589183,0.7140152
,,,0.448842856,0.702538578,0.817066077,0.137887714,0.30056263,0.396848135
,,,0.357142239,0.871740393,0.319667817,0.73748412,0.383650581,0.555586539
,,,0.505514072,0.032244598,0.070802583,0.315171956,0.237864002,0.299395111
,,,0.843204877,0.071360567,0.205573907,0.635821324,0.660821915,0.540398571
,,,0.659876943,0.19451664,0.3265998,0.133205621,0.165089854,0.109818642
,,,0.000167281,0.965959108,0.903744219,0.432693743,0.138984061,0.829325635
,,,0.875274963,0.118782853,0.118195124,0.89760749,0.461040929,0.998548498
,,,0.744288087,0.103868017,0.390475306,0.985726633,0.984202111,0.946108016
,,,0.297597496,0.952447694,0.80191499,0.758922064,0.723687061,0.547839733
,,,0.729971428,0.617409732,0.187098305,0.385537598,0.124246207,0.346878503
,,,0.189576377,0.855051531,0.142274229,0.280873755,0.705025671,0.729697636
,,,0.261583952,0.346976733,0.409209158,0.934598724,0.46490609,0.712142231
,,,0.287807445,0.836621862,0.897076792,0.230350702,0.310635139,0.180212126
,,,0.956554255,0.745902279,0.987653413,0.661277193,0.992078995,0.284609409
,,,0.277461325,0.333368589,0.726204709,0.761263328,0.439011304,0.075366635
,,,0.533125536,0.6442914,0.359347292,0.876785742,0.452086102,0.425537164
,,,0.069610517,0.971985869,0.33635967,0.879543044,0.241757216,0.039691765
,,,0.355318511,0.130001296,0.075579298,0.342668015,0.202143279,0.501854062
,,,0.114768202,0.895760408,0.527810612,0.715746523,0.795088065,0.609425455
,,,0.134507071,0.761745782,0.706216027,0.577933354,0.379180744,0.702427613
,,,0.146621142,0.279341583,0.086986398,0.924240747,0.96399501,0.82480763
,,,0.872857667,0.114522875,0.27663643,0.974440169,0.027038518,0.434153503
,,,0.476082305,0.401890848,0.171704161,0.294509256,0.608058258,0.090359202
,,,0.406508944,0.824944535,0.55861169,0.337233782,0.708246079,0.054651044
,,,0.50435222,0.522235949,0.391002529,0.918517231,0.66387915,0.417840044
,,,0.7714983,0.309533873,0.54640286,0.59988734,0.29198006,0.435096909
,,,0.330568341,0.339416034,0.454294326,0.369540393,0.515549231,0.859932403
,,,0.160945496,0.14008391,0.111919158,0.8141413,0.669707291,0.718123437
,,,0.311168615,0.361805385,0.560492306,0.709255469,0.160708211,0.685933643
,,,0.307055466,0.023411171,0.448725297,0.160771718,0.023526635,0.84550251
,,,0.56192412,0.051580851,0.089762215,0.028296879,0.76795757,0.222028726
,,,0.895077583,0.065077085,0.922732346,0.076525229,0.818497757,0.373846182
,,,0.490189164,0.571437752,0.783003109,0.742117531,0.208599484,0.369154648
,,,0.397729736,0.27070174,0.716654905,0.199255054,0.820160892,0.280578946
,,,0.689340997,0.602036887,0.820812571,0.612546051,0.062109355,0.184908514
,,,0.588233997,0.69430823,0.625955118,0.228417501,0.992920315,0.882801997
,,,0.806739537,0.12867475,0.432931693,0.896251183,0.009647742,0.096892289
,,,0.006517926,0.864749318,0.644603364,0.907780916,0.09623182,0.768064253
,,,0.003418204,0.928899778,0.851910996,0.549286891,0.183807938,0.35888622
,,,0.218250552,0.698198917,0.992302578,0.822730513,0.186375063,0.361530895
,,,0.502103595,0.258954201,0.504798687,0.840279369,0.609195121,0.728205304
,,,0.109835526,0.004260542,0.452095965,0.09876072,0.306554961,0.56164991
,,,0.142137664,0.718552696,0.45126654,0.999678827,0.979819738,0.918734648
,,,0.126831344,0.599162344,0.252521823,0.951135231,0.920944394,0.664729691
,,,0.612831734,0.881440487,0.575556913,0.372191267,0.880220461,0.338560227
,,,0.20724942,0.252441757,0.356375401,0.036727532,0.525178975,0.017784953
,,,0.339084951,0.579115284,0.990170831,0.011865696,0.445243245,0.718063402
,,,0.519756281,0.971125846,0.076788247,0.064069323,0.507184059,0.017557245
,,,0.873837246,0.063040618,0.554414799,0.164953549,0.020903648,0.098941434
,,,0.450004619,0.48022328,0.468948334,0.138211941,0.941384508,0.945192457
,,,0.898346304,0.185019428,0.377329255,0.236133699,0.221579631,0.563160361
,,,0.466051104,0.775258344,0.156783425,0.160340619,0.262081039,0.33789989
,,,0.031867432,0.354218376,0.542820207,0.936092871,0.277348881,0.781036242
,,,0.076552868,0.655394071,0.100113588,0.190464022,0.591954664,0.163841052
,,,0.542787734,0.446287915,0.688147084,0.765400976,0.893383163,0.964586431
,,,0.993693976,0.076621221,0.478493995,0.653669017,0.826747066,0.419489628
,,,0.235988228,0.194017232,0.886731784,0.254690648,0.098485159,0.058589569
,,,0.913520395,0.755485877,0.897380013,0.72241286,0.401817981,0.54621529
,,,0.082976709,0.27443824,0.059497784,0.406947103,0.400661232,0.381130876
,,,0.940187423,0.412921918,0.993267198,0.49519273,0.465599242,0.133729195
,,,0.40361903,0.38566252,0.036713408,0.090516853,0.844355349,0.900228586
,,,0.517716585,0.359808131,0.423291307,0.729047269,0.654951027,0.46351794
,,,0.050641835,0.720391027,0.392284519,0.494216108,0.393458537,0.646513362
,,,0.293262191,0.644091035,0.544537108,0.448219387,0.557859829,0.93114813
,,,0.715424622,0.365764501,0.975403418,0.131343278,0.202952176,0.179370968
,,,0.762946882,0.883456438,0.290243827,0.672116239,0.418775757,0.483166036
,,,0.575478306,0.67732807,0.689341338,0.704701621,0.933551805,0.699575497
,,,0.533301773,0.907285196,0.817097494,0.474077496,0.508621117,0.435887867
,,,0.647343057,0.206566318,0.835322813,0.8877115,0.888219136,0.685001224
,,,0.835598523,0.383887516,0.146711529,0.21444488,0.540885437,0.740780995
,,,0.675173561,0.734042721,0.177653623,0.717584275,0.701448734,0.410544165
,,,0.068380718,0.940212497,0.256591069,0.509708166,0.829975978,0.163072453
,,,0.907827448,0.087607477,0.897367557,0.438020915,0.125949166,0.961651179
,,,0.767195235,0.546026135,0.465302516,0.052129758,0.48115342,0.101838577
,,,0.258033502,0.177269173,0.706362398,0.259263662,0.965621527,0.806827723
,,,0.858293847,0.238460346,0.490205434,0.7450771,0.77617151,0.106940534
,,,0.570096876,0.360419138,0.223338819,0.523192785,0.113137948,0.81441028
,,,0.335684552,0.967388136,0.753180636,0.843606557,0.370849693,0.338318498
,,,0.825860086,0.849289896,0.382917891,0.127638932,0.212428516,0.503232735
,,,0.600877939,0.46808131,0.832953032,0.806153037,0.383755995,0.036730169
,,,0.859496736,0.765752207,0.714733656,0.781174056,0.093054219,0.423542421
,,,0.402630052,0.236220432,0.494360705,0.106544941,0.37073945,0.513429281
,,,0.056705017,0.407168167,0.337768498,0.201180627,0.250228265,0.910268464
,,,0.915340298,0.272132855,0.232287279,0.463860923,0.539329724,0.541934653
,,,0.37923477,0.734290048,0.167723265,0.595077866,0.954434194,0.547221015
,,,0.989824041,0.81942725,0.678008728,0.403207169,0.851957082,0.899294251
,,,0.668952346,0.221622056,0.083181288,0.053388279,0.312725814,0.926960772
,,,0.607767602,0.269781801,0.799102252,0.71695448,0.211907591,0.611548284
,,,0.048704755,0.747389997,0.715157197,0.567721069,0.437056576,0.075954482
,,,0.262951159,0.674825492,0.962819482,0.353070509,0.490495477,0.716910783
,,,0.70926604,0.046219367,0.351447991,0.265894794,0.047193297,0.559522248
,,,0.647968376,0.054681523,0.711350151,0.969725491,0.99197758,0.471504649
,,,0.753749959,0.946525141,0.584569478,0.640016478,0.491207919,0.018111176
,,,0.591388587,0.312121057,0.27305478,0.248147192,0.407793932,0.053328026
,,,0.926106604,0.299266835,0.186622588,0.745896335,0.403016557,0.968224922
,,,0.237040212,0.994012579,0.411488588,0.241997667,0.273166659,0.76801432
,,,0.704417147,0.603389349,0.252687274,0.198583936,0.887655335,0.522531925
,,,0.64022809,0.557258888,0.187483396,0.062015153,0.844674592,0.748747047
,,,0.753335804,0.59181407,0.712544941,0.296002532,0.460798836,0.8018255
,,,0.227729506,0.502197141,0.804834428,0.817747,0.74870201,0.450741298
,,,0.867182999,0.539651231,0.156332813,0.547865052,0.832310115,0.368884697
,,,0.004924674,0.367806521,0.027649521,0.873002755,0.575672861,0.617585634
,,,0.461057221,0.11877234,0.448777018,0.004822878,0.661473152,0.375537517
,,,0.113887121,0.925983834,0.704961749,0.04740721,0.005478366,0.325756377
,,,0.333905935,0.649210248,0.836423752,0.051463422,0.262041445,0.804737012
,,,0.796062739,0.844164438,0.161902045,0.981112475,0.023871257,0.165351667
,,,0.024826935,0.288098663,0.697893416,0.025748045,0.74613221,0.53251943
,,,0.332013581,0.410485523,0.399817051,0.505430569,0.460654533,0.459070838
,,,0.847263474,0.238836504,0.955681653,0.56926461,0.872150548,0.466453602
,,,0.623600887,0.710159922,0.086946271,0.944301497,0.225102205,0.008530967
,,,0.375387709,0.872382457,0.42747911,0.693669258,0.843297308,0.52731279
,,,0.707132084,0.885445299,0.540831772,0.129638004,0.83463993,0.760762891
,,,0.281174338,0.744710063,0.481476868,0.424625329,0.119355607,0.98656059
,,,0.655370774,0.314657642,0.109233183,0.314752906,0.976581117,0.593191398
,,,0.474540247,0.562985496,0.609202519,0.076149434,0.419433609,0.263819798
,,,0.13767795,0.804800679,0.338051707,0.242197882,0.374017944,0.068540133
,,,0.081812517,0.094329017,0.442824358,0.171604839,0.964591012,0.523744723
,,,0.973172617,0.409156003,0.057218759,0.09275329,0.103314125,0.257019747
,,,0.215434015,0.585902156,0.844861634,0.460684057,0.223310269,0.816840326
,,,0.988188346,0.459835219,0.114024378,0.239735666,0.970988915,0.743184326
,,,0.553602857,0.930783179,0.800890496,0.175435596,0.81247068,0.36280375
,,,0.933167111,0.997788942,0.240135133,0.586062225,0.476557019,0.075454131
,,,0.1331972,0.776661602,0.942357364,0.365260127,0.167784498,0.961526593
,,,0.661161068,0.421056091,0.069258448,0.971933597,0.946898645,0.924904145
,,,0.767789765,0.964172747,0.139761509,0.595919339,0.945704289,0.784370517
,,,0.323390935,0.881066336,0.827802754,0.112530835,0.590024751,0.57279564
,,,0.466486451,0.413786833,0.836479468,0.121642884,0.87786269,0.253886856
,,,0.00692781,0.827338182,0.18211626,0.730677539,0.083817662,0.060894982
,,,0.361523932,0.326507707,0.707816536,0.390853505,0.983281514,0.74686252
,,,0.133224496,0.254955374,0.422912389,0.038676614,0.879548917,0.721877137
,,,0.36601612,0.457957674,0.988234126,0.687496277,0.150637284,0.329646867
,,,0.395276966,0.412424135,0.005530877,0.199389333,0.9623966,0.431280136
,,,0.712224444,0.994317876,0.885278744,0.797939231,0.167216333,0.570145428
,,,0.626993195,0.921934587,0.920261669,0.064544846,0.634217629,0.287729877
,,,0.688844654,0.374650707,0.423903621,0.08508626,0.242573055,0.94880595
,,,0.997642218,0.403232253,0.369103433,0.304641483,0.017252279,0.234112599
,,,0.449686275,0.6322811,0.782728892,0.832703129,0.645964738,0.675476271
,,,0.883682003,0.755417498,0.530717208,0.607894517,0.775880548,0.483521605
,,,0.792848087,0.239501708,0.983149221,0.314243818,0.05278072,0.302246287
,,,0.30911802,0.806258052,0.485385785,0.184723432,0.323793616,0.671420481
,,,0.068801974,0.62502455,0.361861551,0.888413795,0.08700443,0.340619242
,,,0.38077544,0.270721455,0.0757866,0.258675559,0.117110133,0.275635489
,,,0.585507713,0.463885941,0.246610007,0.012440001,0.976653987,0.20043657
,,,0.794316557,0.420923585,0.199754734,0.355439013,0.163267477,0.721244306
,,,0.565501177,0.049115796,0.215772455,0.950561409,0.692726829,0.739892477
,,,0.307351922,0.508245652,0.732668109,0.929610504,0.148420098,0.307267388
,,,0.815344923,0.908146198,0.867419238,0.680205428,0.993578903,0.797866051
,,,0.293920764,0.999855945,0.52841298,0.641460741,0.23637844,0.158662051
,,,0.458136181,0.322851129,0.137873696,0.430915658,0.829979402,0.654223249
,,,0.626305889,0.174864054,0.523764354,0.76475228,0.495317578,0.473831416
,,,0.938393612,0.274367662,0.23183038,0.196665746,0.176550258,0.197423544
,,,0.874780137,0.431862434,0.863796925,0.087578843,0.387373391,0.515679726
,,,0.234901814,0.390890308,0.115106466,0.164242961,0.649014901,0.568700403
,,,0.15867298,0.974453708,0.48828273,0.971306451,0.385550428,0.506542624
,,,0.294378641,0.36745962,0.722909104,0.326241275,0.902808265,0.085531746
,,,0.171081593,0.352070159,0.277467983,0.63007514,0.145675263,0.452819272
,,,0.659343518,0.255820823,0.277737939,0.112827479,0.938019019,0.80143115
,,,0.938711899,0.861811376,0.646931325,0.98794224,0.102329084,0.548438978
,,,0.06238449,0.002385475,0.434326928,0.325459405,0.905278561,0.242901441
,,,0.217722836,0.790080864,0.156762938,0.922982542,0.255823908,0.544893965
,,,0.437407687,0.091049038,0.835056767,0.528942676,0.984120877,0.945997142
,,,0.578741757,0.992175696,0.95353273,0.661530814,0.979781811,0.506218314
,,,0.694408639,0.153311987,0.136301499,0.601664481,0.124793787,0.791890499
,,,0.819561316,0.772472757,0.453067958,0.062593982,0.875400633,0.438211384
,,,0.476400034,0.259450905,0.669352091,0.516453395,0.480685111,0.569606231
,,,0.969916789,0.587841456,0.798207754,0.445719748,0.65380399,0.545482174
,,,0.706437895,0.699239133,0.893941533,0.245205448,0.010859933,0.996446087
,,,0.918138696,0.931164102,0.933231401,0.31678527,0.938315053,0.546158832
,,,0.785482306,0.553022993,0.150114099,0.385133636,0.051275451,0.942486549
,,,0.444964702,0.272435119,0.578670933,0.989571958,0.887875846,0.566564078
,,,0.747607008,0.406341867,0.846703717,0.520560332,0.536591562,0.557529249
,,,0.640608737,0.292401906,0.418072448,0.470120448,0.902854718,0.019335095
,,,0.909298063,0.897368632,0.174228697,0.721448104,0.414030626,0.214066079
,,,0.349551806,0.968083681,0.035039988,0.350186095,0.627190241,0.687763851
,,,0.657800465,0.777844217,0.887034112,0.111324454,0.049662214,0.003573386
,,,0.253550171,0.268020563,0.137230967,0.597757954,0.309200391,0.912178443
,,,0.041667601,0.357218235,0.050479532,0.904693941,0.2006723,0.902967916
,,,0.345631845,0.511278823,0.476212838,0.411646131,0.495742712,0.244510332
,,,0.942004691,0.320788072,0.489382123,0.649414722,0.448171959,0.292421773
,,,0.426764955,0.980913344,0.121296037,0.542734667,0.051496199,0.105072591
,,,0.436563098,0.360949056,0.208218693,0.811825364,0.749377321,0.116693509
,,,0.174026741,0.583982162,0.213380867,0.849524571,0.411430825,0.915781969
,,,0.415953056,0.855844937,0.610555289,0.336317516,0.004622932,0.392765684
,,,0.753220046,0.556954337,0.623987746,0.91466114,0.780911443,0.935743487
,,,0.441748065,0.009139461,0.93971939,0.387154968,0.731097307,0.929654223
,,,0.820800454,0.713710964,0.663959136,0.828023613,0.007607002,0.79980209
,,,0.631816598,0.895049654,0.075653728,0.578305751,0.957586199,0.47213494
,,,0.600018882,0.252301901,0.069672083,0.929256603,0.233579156,0.035806827
,,,0.684575787,0.839823077,0.646856609,0.881045704,0.174370254,0.068823389
,,,0.065003334,0.331174411,0.944599032,0.835065433,0.017958235,0.865620787
,,,0.011424852,0.751270176,0.348740103,0.888407992,0.896520516,0.043520065
,,,0.673123376,0.731227249,0.094539931,0.68622792,0.417335068,0.937661527
,,,0.877580569,0.043503231,0.85102782,0.460118881,0.282006228,0.030821124
,,,0.810100662,0.47127755,0.78319761,0.337678212,0.4681419,0.573971643
,,,0.018460727,0.349621821,0.991681227,0.823745973,0.474208987,0.884863444
,,,0.851204333,0.616598281,0.269865353,0.427866467,0.20140161,0.98741866
,,,0.198702898,0.68683056,0.808422688,0.498930785,0.467902556,0.014025507
,,,0.981725285,0.090709472,0.239097207,0.17386477,0.1962108,0.542415165
,,,0.09294615,0.209503495,0.210399882,0.160738218,0.147667308,0.656893422
,,,0.177073223,0.627157659,0.52163694,0.265605859,0.160341184,0.515263016
,,,0.717999519,0.608481235,0.046176131,0.502878475,0.399648048,0.37833975
,,,0.576150582,0.238511741,0.599144112,0.88205803,0.433713397,0.133496383
,,,0.075700406,0.917114383,0.02786058,0.824802396,0.278220738,0.285572658
,,,0.683879137,0.560500195,0.869573916,0.123329033,0.438360809,0.721115652
,,,0.848002936,0.897601437,0.752353891,0.817859444,0.998819501,0.98860838
,,,0.703102898,0.428259413,0.79873442,0.039721064,0.389434204,0.209377901
,,,0.924165446,0.278530641,0.961083297,0.680959022,0.369699724,0.874390823
,,,0.427142101,0.876981014,0.913399014,0.35014243,0.12496785,0.95939527
,,,0.857955354,0.940106247,0.267688609,0.033404567,0.925426091,0.741815544
,,,0.677715931,0.296334941,0.990394737,0.25557673,0.582240626,0.275339723
,,,0.332848176,0.594268369,0.226732091,0.127787338,0.633876487,0.468141619
,,,0.015308721,0.469009566,0.715068111,0.288051165,0.460371409,0.827808314
,,,0.411940636,0.039868361,0.437568342,0.268976366,0.550366276,0.189060546
,,,0.979278628,0.140001848,0.649618439,0.007563481,0.863627963,0.278799883
,,,0.671616832,0.735240552,0.701690235,0.310811192,0.604813104,0.378279783
,,,0.412458444,0.594314776,0.976768031,0.257445233,0.335714714,0.850827562
,,,0.794507026,0.649743945,0.950927089,0.737345487,0.224753996,0.049874305
,,,0.110633861,0.792977476,0.075496681,0.239774247,0.822883929,0.180548412
,,,0.523389522,0.719228655,0.195814195,0.94287835,0.995851097,0.635753798
,,,0.710301008,0.970877882,0.120664975,0.969500218,0.306046004,0.586339714
,,,0.926180633,0.418798494,0.338719308,0.065121636,0.657742444,0.511731469
,,,0.108433926,0.375912579,0.200173684,0.682009271,0.002660691,0.642284838
,,,0.942438708,0.300083131,0.994000367,0.853608989,0.297180477,0.292157618
,,,0.952770427,0.026612544,0.128572573,0.669833476,0.20346004,0.424415285
,,,0.62292188,0.688838324,0.746830691,0.551794683,0.17147412,0.405304491
,,,0.839139279,0.103037474,0.393421481,0.632856848,0.225359198,0.539779208
,,,0.874429318,0.344959868,0.654279829,0.375282567,0.721620568,0.724423198
,,,0.542491358,0.465976365,0.197265846,0.75108022,0.215950464,0.856444583
,,,0.48120133,0.99248563,0.713434234,0.059791746,0.698249623,0.883581671
,,,0.419342174,0.934721936,0.258778519,0.77629322,0.572296789,0.834421559
,,,0.835785865,0.418708812,0.662935977,0.544124756,0.681444349,0.62442405
,,,0.561553575,0.86822073,0.477941863,0.432117497,0.022062695,0.727510044
,,,0.75316042,0.322761081,0.450627457,0.135235394,0.423250324,0.790463145
,,,0.757762313,0.253212094,0.433827863,0.101193301,0.034049082,0.661217786
,,,0.83849413,0.322001582,0.292448325,0.731035072,0.521280456,0.704390907
,,,0.756967547,0.604157575,0.593396175,0.12349831,0.553240391,0.067748568
,,,0.404218586,0.511061724,0.04781526,0.110552587,0.99774421,0.77038725
,,,0.701887414,0.307249307,0.004377648,0.859520544,0.301426098,0.736523389
,,,0.965787526,0.404171664,0.875320283,0.578233632,0.383767747,0.77923391
,,,0.708511127,0.467387087,0.757413952,0.337344902,0.416659692,0.791875332
,,,0.895448543,0.559282816,0.043502707,0.70730167,0.38608257,0.651762633
,,,0.566604249,0.671799483,0.441243711,0.824942008,0.089834924,0.929783421
,,,0.2413139,0.456531353,0.391231241,0.722016199,0.945160128,0.766042442
,,,0.526900926,0.601968823,0.7308021,0.873217268,0.937024929,0.751444214
,,,0.775756846,0.281318651,0.116534493,0.732681695,0.105887914,0.193969057
,,,0.832742774,0.449077387,0.655104485,0.116694742,0.354191624,0.396551388
,,,0.020829881,0.552161521,0.803925174,0.780370937,0.342960414,0.153022245
,,,0.318433607,0.57147809,0.298736648,0.078578973,0.786721561,0.794688004
,,,0.399675656,0.607153661,0.267053635,0.867845445,0.613387601,0.030300918
,,,0.862751782,0.619681351,0.376836275,0.094249437,0.985904583,0.310523647
,,,0.586270153,0.452092341,0.313764623,0.228416419,0.227833923,0.722714726
,,,0.420379816,0.122101179,0.68036233,0.916102648,0.392168941,0.067564388
,,,0.778188715,0.749678049,0.244626054,0.087091834,0.238189203,0.16644885
,,,0.913113961,0.840948407,0.016039368,0.202003897,0.194804645,0.780931031
,,,0.718090483,0.001128661,0.439753634,0.836019896,0.874479048,0.106635776
,,,0.673878892,0.304498084,0.343554906,0.572273406,0.271455804,0.192490223
,,,0.310417331,0.031258752,5.14168E-05,0.988871478,0.014809742,0.073652079
,,,0.83050063,0.82150956,0.026204684,0.431205156,0.99095197,0.941492977
,,,0.405035906,0.41546368,0.451801481,0.307155847,0.747380898,0.659732034
,,,0.438644987,0.669942116,0.787818281,0.048348827,0.630304097,0.788592375
,,,0.747014304,0.02144479,0.197104209,0.341404369,0.238085359,0.808608747
,,,0.495232066,0.823791062,0.487441878,0.736432815,0.232367946,0.018226412
,,,0.219477326,0.671646113,0.021700602,0.141717922,0.653236338,0.976495501
,,,0.153793652,0.897779998,0.667755044,0.570290069,0.324192085,0.901072415
,,,0.737957952,0.614637468,0.853790298,0.257727442,0.387934647,0.045868762
,,,0.744685189,0.317880461,0.952652305,0.097455133,0.557792262,0.488035968
,,,0.358456263,0.982344891,0.105144021,0.356910742,0.610029113,0.24992626
,,,0.112540553,0.494851545,0.8978715,0.284576612,0.874971522,0.791458648
,,,0.54201122,0.689852597,0.530431526,0.052866451,0.781101561,0.62660094
,,,0.409559078,0.12929084,0.820209229,0.320935674,0.866161786,0.227025685
,,,0.58137709,0.380288043,0.213845918,0.446575353,0.168849481,0.743435476
,,,0.072104996,0.367803012,0.962491494,0.307791818,0.005796138,0.478769728
,,,0.508641487,0.293978232,0.721524235,0.601711462,0.551311342,0.921434549
,,,0.854069227,0.292517976,0.103083206,0.331869494,0.651024082,0.753217973
,,,0.650559034,0.616501584,0.5915677,0.869240124,0.852625018,0.211459529
,,,0.664938801,0.473159464,0.20938553,0.811159758,0.428913067,0.111226755
,,,0.40435608,0.326732222,0.681776738,0.418180009,0.981387259,0.477155235
,,,0.675384864,0.579214354,0.330466849,0.651999966,0.946104654,0.252484258
,,,0.698552279,0.219459567,0.958845689,0.092426291,0.199878945,0.720940653
,,,0.896824127,0.512541315,0.96998184,0.001161721,0.349266183,0.218708697
,,,0.655994641,0.171079095,0.981962187,0.591764317,0.22917789,0.52722185
,,,0.809725516,0.771223221,0.062641828,0.097734785,0.310859024,0.256340153
,,,0.308629406,0.45353542,0.72300238,0.60879431,0.1030739,0.255879867
,,,0.396838968,0.993669506,0.33324288,0.327974053,0.564184283,0.28827173
,,,0.495065708,0.857759181,0.508688558,0.831029341,0.061001051,0.071239587
,,,0.935511191,0.014062435,0.948633803,0.800095439,0.233136415,0.669420265
,,,0.288425703,0.486654452,0.762987456,0.739144995,0.354987238,0.990481047
,,,0.320149268,0.46594072,0.518231647,0.232628512,0.182389119,0.276648489
,,,0.636288437,0.906459293,0.826651681,0.03825524,0.677089125,0.332228329
,,,0.837238836,0.769657489,0.591130964,0.883485615,0.141801111,0.265015432
,,,0.634525635,0.970886591,0.264741797,0.933294471,0.878491991,0.280640218
,,,0.85682182,0.838987471,0.79355369,0.9747653,0.37375154,0.43741005
,,,0.020668452,0.45931137,0.392112168,0.797640255,0.361934784,0.037095385
,,,0.1859843,0.46417885,0.225028195,0.620957738,0.319537406,0.077007129
,,,0.600358319,0.727426783,0.040300524,0.411768218,0.140944674,0.817050213
,,,0.978572207,0.083647494,0.769234025,0.461701984,0.323499222,0.064015781
,,,0.067450799,0.824697418,0.101900034,0.427098305,0.937551576,0.152930756
,,,0.780095695,0.579559219,0.620095795,0.649504898,0.327371511,0.515999115
,,,0.804657019,0.125535447,0.998766378,0.550878603,0.015346622,0.171707655
,,,0.844234491,0.912677485,0.323189863,0.928357412,0.761598807,0.672153811
,,,0.153389308,0.209125386,0.764933582,0.190919274,0.177104796,0.588026572
,,,0.247485775,0.275091569,0.200892737,0.623118199,0.221121409,0.353900313
,,,0.380230439,0.128393851,0.309991503,0.422535248,0.509695938,0.47089262
,,,0.906008582,0.622354686,0.243759466,0.910807977,0.070999345,0.618796823
,,,0.177576196,0.002343914,0.199434025,0.752066603,0.632682046,0.054992843
,,,0.148149434,0.623480847,0.042979762,0.208799694,0.074112868,0.862317574
,,,0.385881776,0.85447458,0.091431746,0.554711402,0.771075291,0.942007124
,,,0.832629278,0.146665539,0.589071493,0.471300904,0.281756871,0.083107988
,,,0.927555779,0.109683691,0.743495894,0.091695133,0.539715245,0.676016684
,,,0.257229592,0.522291395,0.143554593,0.691053337,0.880792026,0.903973609
,,,0.599348963,0.863262856,0.877170962,0.78425967,0.31121063,0.37440847
,,,0.971538385,0.231696381,0.809862861,0.960259788,0.278745964,0.953073427
,,,0.648696173,0.123985763,0.348641206,0.104253759,0.261763199,0.837427468
,,,0.405423311,0.718091942,0.01173585,0.985817874,0.996040411,0.341351696
,,,0.193305692,0.383507675,0.501179837,0.73554762,0.573476653,0.805337686
,,,0.940981987,0.960627155,0.584417464,0.166245498,0.371275776,0.925433215
,,,0.229805865,0.761019174,0.121058759,0.447099337,0.43284527,0.098317571
,,,0.87745561,0.645468844,0.688731314,0.231114797,0.797366636,0.439288346
,,,0.242202147,0.127890698,0.563247298,0.341105311,0.683014345,0.755377074
,,,0.932262167,0.53791791,0.164435772,0.231586924,0.609448554,0.988242457
,,,0.073197007,0.810007891,0.809949241,0.685497602,0.294698593,0.867151548
,,,0.472469089,0.376379505,0.401499137,0.078903121,0.299066161,0.796486622
,,,0.195166361,0.250993888,0.75922037,0.085324081,0.83334442,0.688085835
,,,0.444316112,0.812794583,0.112490173,0.686202097,0.310117345,0.677071204
,,,0.581489813,0.126484078,0.837292307,0.079627022,0.307321983,0.272219517
,,,0.533755266,0.354559368,0.819115922,0.463064436,0.383118279,0.560400025
